dim0,dim1,color
1.03578,-3.84937,0
-3.51145,-0.0696056,0
-0.506051,-1.79191,1
4.78992,-0.305132,1
-2.47934,0.249307,2
-1.12219,2.66458,2
-1.11111,-0.838972,3
-0.332997,-0.258176,3
-1.83727,-1.79487,4
0.529344,-1.01184,4
