dim0,dim1,color
81.2082,-83.5428,0
99.5632,78.0976,0
-29.9321,-19.6268,1
6.08767,-90.1133,1
-86.9121,84.1975,2
-52.3114,6.59875,2
77.6302,45.9954,3
-3.38089,20.8306,3
51.989,-85.2599,4
-54.3387,-69.7426,4
-4.52589,-94.5459,5
37.2812,-64.7352,5
-44.7079,-73.89,6
-23.1156,13.0682,6
7.85453,86.1264,7
10.9521,-92.8516,7
7.62043,-70.2505,8
-70.6324,-99.1312,8
10.0162,-43.482,9
53.5619,-43.387,9
