dim0,dim1,color
65.639,10.3306,0
-8.7626,-37.5147,0
-36.0227,-21.8057,1
61.3039,-45.1462,1
-13.3372,-5.67433,2
79.3424,-22.8331,2
-30.7947,62.4895,3
34.723,93.198,3
-94.5866,7.51692,4
49.3703,52.9955,4
